{
    "cats": {
        "precision": 1.0,
        "recall": 0.9714285714285714,
        "f1-score": 0.9855072463768116,
        "support": 70.0
    },
    "dogs": {
        "precision": 0.8974358974358975,
        "recall": 1.0,
        "f1-score": 0.9459459459459459,
        "support": 70.0
    },
    "others": {
        "precision": 1.0,
        "recall": 0.9615384615384616,
        "f1-score": 0.9803921568627451,
        "support": 156.0
    },
    "accuracy": 0.972972972972973,
    "macro avg": {
        "precision": 0.9658119658119658,
        "recall": 0.9776556776556777,
        "f1-score": 0.9706151163951676,
        "support": 296.0
    },
    "weighted avg": {
        "precision": 0.9757449757449758,
        "recall": 0.972972972972973,
        "f1-score": 0.9734557430175041,
        "support": 296.0
    }
}